query,per_um,ava_um,per_dois,ava_dois,per_tres,ava_tres
o covid-19 acabara com o mundo,"assumindo que covid-19 nao acabou, isso acabara com o mundo e a humanidade?",100,o covid-19 algum dia acabara?,0,que licoes o mundo aprendera com covid-19?,0
o que e covid 19 malaysia,covid 19 malaysia puchong,100,covid 19 malaysia berita,100,covid 19 malaysia moh,100
onde esta o coronavirus reino unido,onde esta o coronavirus agora no reino unido,100,"coronavirus no reino unido, onde",100,casos de coronavirus no reino unido onde,100
como as familias podem se preparar para o bloqueio,como e a vida em bloqueio devido a covid-19,70,quais sao as sugestoes de coisas a fazer na quarentena covid-19,80,quanto tempo esse bloqueio de coronavirus durara,55
quantos casos de coronavirus na fl,quantos casos de coronavirus em orlando fl,100,quantos casos de coronavirus em jacksonville fl,100,quantos casos de coronavirus em napoles fl,100
coronavirus e de,coronavirus e de onde,100,e epidemia de coronavirus,0,e coronavirus de animais,0
o coronavirus sempre inclui febre,o coronavirus sempre apresenta febre,100,o coronavirus sempre comeca com febre,80,o coronavirus sempre mata,0
coronavirus na europa finlandia,coronavirus na europa 2020,40,e coronavirus na europa,40,coronavirus na europa mapa,50
como posso impulsionar o sistema imunologico do meu filho naturalmente,como posso impulsionar meu sistema imunologico naturalmente,50,como posso impulsionar o sistema imunologico do meu cao naturalmente,0,como posso impulsionar o sistema imunologico do meu bebe naturalmente,100
coronavirus e carolina do sul,e o coronavirus da carolina do sul,100,e coronavirus na carolina do norte,0,coreia do sul coreia do sul,0
casos de coronavirus na fl,casos confirmados de coronavirus em fl,100,quantos casos de coronavirus em orlando fl,0,quantos casos de coronavirus em napoles fl,0
quantas mortes por coronavirus no estado de washington,coronavirus no estado de washington,20,quantas mortes por coronavirus no mundo,0,quantas mortes por coronavirus no tennessee,0
virus corona you tube china,virus corona na china you tube,100,you tube corona virus na china,100,coronavirus you tube china,100
vitaminas para fortalecer o sistema imunologico fraco,quais vitaminas tomar para fortalecer seu sistema imunologico,100,quais vitaminas devo tomar para o sistema imunologico fraco,100,como fortalecer o sistema imunologico fraco,20
coronavirus e uma conspiracao falsa,a teoria da conspiracao da china espalhando covid-19 e legitima?,50,quais sao as teorias da conspiracao em torno de covid-19?,50,coronavirus e uma arma,0
o que e um teste de coronavirus,o que e teste de coronavirus,100,existe um teste de coronavirus,0,o que e kit de teste de coronavirus,100
se eu tiver um sistema imunologico enfraquecido devo cancelar meus planos de viagem,devo cancelar a minha viagem?,80,devo cancelar a minha viagem para o exterior?,80,o que fazer se voce tiver um sistema imunologico enfraquecido,0
coisas boas para impulsionar seu sistema imunologico,quais vitaminas sao boas para impulsionar o sistema imunologico,80,coisas para manter seu sistema imunologico forte,100,coisas para impulsionar o sistema imunologico durante a gravidez,100
posso sair,posso ser rastreado ao sair ou chegar ao meu destino?,0,devo sair de casa?,100,e seguro sair de ferias?,100
alimentos para estimular o sistema imunologico quando estiver doente,o que comer para estimular seu sistema imunologico quando estiver doente,100,como posso estimular meu sistema imunologico quando estiver doente,40,como estimular naturalmente seu sistema imunologico quando estiver doente,40
como impulsionar seu sistema imunologico para vencer o hpv,como impulsionar seu sistema imunologico para combater o hpv,100,como impulsionar o seu sistema imunologico para curar o hpv,100,como impulsionar o seu sistema imunologico para limpar o hpv,100
coronavirus originado da sopa de morcegos,o coronavirus veio da sopa de morcego,100,coronavirus originado de,0,coronavirus originado,100
como verificar se ha baixo sistema imunologico,como verificar o sistema imunologico baixo,100,como verificar se o seu sistema imunologico esta baixo,100,como verificar se voce tem um sistema imunologico baixo,100
os sintomas de covid-19 vem e vao,quais sintomas de covid-19 vem primeiro?,0,de onde vem os coronavirus,0,os sintomas de covid-19 vem juntos ou voce pode ter sintomas separados aparecendo em momentos diferentes?,80
qual e o novo nome do coronavirus,qual e o nome do coronavirus?,100,qual e o nome do virus corona,100,qual e o outro nome do virus corona,100
como impulsionar seu sistema imunologico e se manter saudavel na temporada de gripe,como manter seu sistema imunologico forte durante a temporada de gripe,100,como manter seu sistema imunologico saudavel,100,como manter seu sistema imunologico forte e saudavel,100
casos de coronavirus na inglaterra,e coronavirus na inglaterra,100,onde estao os 2 casos de coronavirus na inglaterra,30,coronavirus nhs inglaterra,30
norovirus espalhado pela saliva,norovirus espalhado pela comida,0,voce pode passar norovirus pela saliva,0,o norovirus se espalha pela saliva,100
por que o diabetes e um fator de risco para covid-19,a obesidade e o principal fator de risco nas hospitalizacoes de covid-19?,100,quanto de um fator sera o covid-19 na eleicao presidencial de 2020?,0,o coronavirus afeta o diabetes,50
atualizacao do virus corona china hoje,atualizacao do virus corona da china hoje,100,atualizacao do virus corona na china hoje,100,virus corona na china atualizacao de hoje,100
quanto tempo pode o coronavirus viver sem um hospedeiro,quanto tempo o coronavirus pode sobreviver sem um hospedeiro,100,quanto tempo pode o coronavirus sobreviver sem um hospedeiro,100,quanto tempo o coronavirus dura sem um hospedeiro,100
onde o coronavirus originou o animal,de onde o coronavirus se originou animal,100,onde o coronavirus se originou,0,de qual animal o coronavirus se originou,100
coronavirus filipinas untv,ultimas noticias do virus corona nas filipinas,90,virus corona nas noticias das filipinas,90,virus corona nas noticias filipinas,90
efeito do coronavirus quem,quem covid-19 sintomas,100,quais sao os sintomas da covid-19,90,quais os principais sintomas da covid-19,90
quais requisitos o estabelecimento deve ter para realizar exame rt-pcr,- quais requisitos o estabelecimento deve ter para realizar teste rapido?,0,- para quem o exame rt-pcr e recomendado?,35,- qual estabelecimento pode realizar teste rapido?,0
coronavirus em animais,coronavirus em animais de estimacao,100,coronavirus em sintomas de animais,0,o coronavirus comecou em animais,0
impacto do coronavirus na poluicao da china,impacto do coronavirus na fabricacao da china,0,impacto do coronavirus na economia da china,0,impacto do coronavirus na china,70
virus corona em orange county ca,coronavirus em orange county ca,100,coronavirus orange county ca,100,mapa do coronavirus orange county ca,0
como melhorar seu sistema imunologico durante a gravidez,como fortalecer seu sistema imunologico durante a gravidez,100,como construir seu sistema imunologico durante a gravidez,100,como impulsionar seu sistema imunologico durante a gravidez,100
sinais de que meu sistema imunologico esta fraco,sinais de que seu sistema imunologico esta ficando fraco,100,sinais de que voce tem sistema imunologico fraco,100,sinais de que seu sistema imunologico esta forte,0
como saber se seu sistema imunologico esta fraco ou forte,como saber se seu sistema imunologico esta fraco,80,como saber se o seu sistema imunologico esta fraco,70,como saber se o seu sistema imunologico esta forte,70
o que fazer se eu estiver doente,"se eu estiver infectado, serei internado?",70,o que fazer se o sistema imunologico estiver fraco,70,o que fazer se o sistema imunologico estiver baixo,0
fonte de coronavirus wuhan,fonte de coronavirus,0,fonte de animais coronavirus,0,animal fonte de coronavirus,70
coronavirus em navio de cruzeiro no japao,coronavirus em cruzeiro no japao,80,mais tres casos de virus corona encontrados em navio de cruzeiro no japao,70,coronavirus em navio de japao,80
o covid-19 e muito menos ameacador do que ser retratado na midia,"por que estamos perdendo para covid-19, apesar de ser um pais muito rico?",0,coronavirus e muito serio,50,o medo em torno do covid-19 e justificado ou e muito cedo para dizer?,80
o coronavirus se espalha pelo ovo,o coronavirus se espalha pelo papel,0,o coronavirus se espalha pelo ar,0,o coronavirus se espalha pelo frango,70
coronavirus na california irvine,coronavirus orange county irvine,60,coronavirus infectado na california,30,coronavirus na california 8400,40
os casos de covid-19 estao caindo,por que os mercados de acoes estao caindo em resposta ao covid-19?,0,os casos de covid-19 estao diminuindo?,80,os casos covid-19 estao diminuindo?,100
como o coronavirus comeca,como o sintoma covid-19 comeca?,100,como comeca a tosse do coronavirus,20,como o virus corona comeca na china,0
e covid 19 na nigeria,noticias sobre o virus corona na nigeria,90,atualizacao do virus corona na nigeria,90,atualizacao de coronavirus na nigeria,90
como voce sabe que seu sistema imunologico e forte,como voce sabe se o seu sistema imunologico e forte,100,como voce sabe se seu sistema imunologico esta forte,100,como voce sabe quando seu sistema imunologico esta forte,100
como pode melhorar o sistema imunologico,como voce pode melhorar seu sistema imunologico,100,voce pode melhorar o sistema imunologico,100,como melhorar o sistema imunologico,100
existe uma diferenca entre covid-19 ser uma epidemia e uma pandemia,existe uma conexao entre covid-19 e temperatura ambiente?,0,covid-19 e uma pandemia?,50,o coronavirus e uma epidemia ou pandemia,100
coronavirus no paquistao 2020,e coronavirus no paquistao,100,pacientes coronavirus no paquistao,80,atualizacao do coronavirus no paquistao,80
sintomas do virus corona na africa do sul,sobre o virus corona na africa do sul,40,virus corona e africa do sul,50,e o virus corona na africa do sul,45
coronavirus italia rugbi da inglaterra,coronavirus nhs inglaterra,0,"coronavirus em londres, inglaterra",0,noticias sobre coronavirus inglaterra,30
coronavirus na florida hoje,coronavirus na florida sarasota,40,coronavirus na florida miami,40,e coronavirus na florida,75
que medidas minha familia pode tomar para reduzir nosso risco de contrair covid-19,o que posso fazer para preparar minha familia para um surto de covid-19?,90,coronavirus posso ver minha familia,0,coronavirus posso visitar minha familia,0
como construir o sistema imunologico em criancas,como construir o sistema imunologico das criancas,100,como construir o sistema imunologico para criancas,100,alimentos para construir o sistema imunologico em criancas,100
casos de coronavirus na america,quantos casos de coronavirus existem na america,100,quantos casos do coronavirus na america,100,quantos casos do coronavirus existem na america,100
covid-19 e pior do que a gripe,por que covid-19 e pior do que a gripe?,100,covid-19 e pior que gripe?,100,covid-19 e pior que a gripe espanhola?,50
pacientes com coronavirus na india ultimas noticias,quantos pacientes com coronavirus na india,40,coronavirus infectado na india ultimas noticias,100,ultimas noticias sobre coronavirus na india,90
ha risco de contaminacao pelo novo coronavirus quando em contato com embalagens ou produtos enviados do exterior,qual e o risco de contaminacao pelo novo coronavirus em um aviao?,0,estou em risco de covid-19 de pacotes de correio ou produtos?,80,e coronavirus transportado pelo ar ou contato,40
como voce sabe quando seu sistema imunologico esta desligando,como voce sabe quando seu sistema imunologico esta fraco,100,como voce sabe quando seu sistema imunologico esta baixo,100,como voce sabe quando seu sistema imunologico esta forte,0
como a patogenicidade do covid-19 se compara com a de outros virus,como o covid-19 se compara a outros virus?,80,como voce compara a crise covid-19 com a crise economica de 2008?,0,como o coronavirus se compara a gripe,40
o coronavirus esta melhorando na china,o coronavirus esta melhorando,10,o coronavirus esta melhorando nos eua,0,o coronavirus esta melhorando em nos,0
coronavirus posso visitar minha mae,coronavirus posso visitar minha namorada,0,coronavirus posso visitar minha familia,70,coronavirus posso visitar amigos,0
o que as autoridades de saude devem fazer para fornecer sustentabilidade aos servicos essenciais de tuberculose durante a pandemia covid-19,como as autoridades de saude podem garantir o fornecimento de medicamentos e diagnosticos para tuberculose?,0,como podemos proteger as pessoas que buscam tratamento para tuberculose durante a pandemia covid-19?,100,distribuidoras de produtos para saude podem comercializar testes para covid-19 para servicos de saude privados?,0
como faco para construir o sistema imunologico do meu filho,como faco para melhorar o sistema imunologico do meu filho,100,como construir o sistema imunologico do meu filho,100,como faco para construir o sistema imunologico do meu cachorro,0
como aumentar o sistema imunologico para lutar contra o hpv,como faco para aumentar meu sistema imunologico para lutar contra o hpv,100,como construir o sistema imunologico para lutar contra o hpv,100,como fortalecer o sistema imunologico para lutar contra o hpv,100
porque culpam ou evitam pessoas e grupos devido ao covid-19 estigmatizacao,porque covid-19 mata?,0,as pessoas estao sendo presas por deixar suas casas devido ao covid-19?,0,por que as pessoas culpam donald trump pelo surto de covid-19?,40
coronavirus filipinas e india,e coronavirus nas filipinas,40,e coronavirus na india,40,o que e coronavirus filipinas,0
voce pode pintar moveis corona,voce pode envernizar moveis corona,30,voce pode obter corona na torneira,0,voce pode misturar corona com coca,0
cobicado 19 filipinas que,cobicado 19 filipinas positivo,0,o que e cobicado 19 filipinas,0,artigo cobicado das 19 filipinas,0
como fazer a cadeia do sistema imunologico,como fazer um sistema imunologico poderoso,100,como fazer um sistema imunologico melhor,100,como fazer um bom sistema imunologico,100
virus corona em casos de delhi,virus corona em delhi hindi,60,virus corona em delhi noida,60,noticias do virus corona em delhi,60
uma pessoa pode testar negativo e depois positivo para covid-19,quem fez teste rapido em laboratorios nao corre um alto risco de ter recebido um resultado falso positivo ou negativo os testes rapidos igm/igg sao confiaveis,80,"se um profissional da equipe testar positivo para covid-19, o que a equipe devera fazer?",0,qual o tratamento indicado para uma pessoa com covid-19?,0
contagem de infeccao por coronavirus eua,contagem de infeccao por coronavirus na india,0,contagem de mortes por coronavirus nos eua,40,coronavirus nos eua contagem por estado,80
onde ocorreu a maioria dos surtos de covid-19 equino nos estados unidos,coronavirus mapa dos estados unidos,0,onde esta o coronavirus localizado nos estados unidos,0,e a preparacao dos estados unidos para a falha dos trunfos covid-19?,0
quais sao os sintomas do novo coronavirus,quais sao os sintomas do coronavirus,100,quais sao os sintomas?,100,quais sao os novos sintomas do coronavirus,90
propagacao de coronavirus nos mapeia,propagacao da doenca coronavirus,80,mapa de propagacao do virus corona,90,como impedir a propagacao de norovirus em casa,0
sintomas de coronavirus bc,quais sao os sintomas de covid-19,90,quais sintomas covid-19,90,quais os sintomas do covid-19?,90
noticias sobre coronavirus los angeles,e coronavirus em los angeles,80,coronavirus nos eua los angeles,80,noticias sobre virus corona noticias sobre a china,0
a vacina covid-19 foi encontrada,"se a vacina h1n1 foi desenvolvida tao rapidamente, por que a vacina covid-19 leva tanto tempo?",30,quando a vacina covid-19?,50,o que poderia acontecer se a cura para covid-19 nao fosse encontrada?,0
coronavirus em seattle,coronavirus em seattle wa,90,quantos casos de coronavirus em seattle,80,coronavirus news seattle,90
onde estao os casos de coronavirus em montana,casos de coronavirus no mapa dos eua hoje,80,casos de coronavirus eua,70,mapa de casos corona virus nos eua,80
quantos casos de coronavirus no condado de collin,casos coronavirus eua texas,80,quantos casos de coronavirus no condado de washoe,0,quantos casos de coronavirus no condado de kane,0
como ajudar a impulsionar o sistema imunologico do meu filho,como posso impulsionar o sistema imunologico do meu filho,80,como posso impulsionar o sistema imunologico do meu filho naturalmente,80,maneiras de impulsionar o sistema imunologico do meu filho,90
como voce sabe quando seu sistema imunologico esta forte,como voce sabe quando seu sistema imunologico esta fraco,0,como voce sabe quando seu sistema imunologico esta desligando,0,como voce sabe se seu sistema imunologico esta forte,100
os sintomas de covid-19 perduram,quanto tempo os sintomas do coronavirus duram em humanos,80,os sintomas de covid-19 sao subitos?,0,os sintomas de covid-19 aparecem rapido?,0
antipolo coronavirus filipinas,coronavirus filipinas doh,100,coronavirus filipinas gov,0,coronavirus menino filipinas,0
como o corpo reage aos virus,como o corpo reage a um virus,90,como o corpo responde aos virus,90,como os virus sao semelhantes aos parasitas,0
quais animais sao afetados por covid-19,que animais podem obter covid-19?,90,que tipos de animais sao suscetiveis ao covid-19,90,que animais podem carregar covid-19,90
o que o virus corona faz,o que o virus coronavirus faz,100,o que covid-19 faz?,100,o que o coronavirus faz,100
podemos culpar trump por covid-19,por que trump ainda esta politizando covid-19?,30,por que podemos subestimar a disseminacao de covid-19?,0,por que alguem poderia culpar ou evitar individuos e grupos (criar estigma) por causa do covid-19?,30
casos dos eua para coronavirus,coronavirus nos casos dos eua,80,coronavirus atualizam casos dos eua hoje,100,casos de coronavirus mapa dos eua,0
se estiver em isolamento posso receber pessoas em casa,posso ser despedido se ficar doente em casa?,0,o que deve ser feito para evitar que outras pessoas na casa adoecam se uma pessoa com covid-19 estiver sendo cuidada em casa?,40,tenho um idoso em casa: devo deixa-lo em isolamento social mesmo sem apresentar qualquer sintoma?,0
o virus corona se espalhara para a india,para onde o virus corona se espalhara,40,o virus corona se espalhara,40,virus corona como se espalhara,40
o virus corona como comecou,como o corona virus comecou,100,como o virus corona comecou,100,o virus corona como comecou,100
que comida aumenta o sistema imunologico,o que aumenta seu sistema imunologico,100,que vitamina aumenta seu sistema imunologico,30,o que aumenta o seu sistema imunologico alimentar,100
como melhorar a forca do sistema imunologico,como melhorar a alimentacao do sistema imunologico,0,como melhorar a saude do sistema imunologico,100,como melhorar a funcao do sistema imunologico,80
como estimular o sistema imunologico para combater o frio,como tornar o sistema imunologico forte contra o frio,100,como melhorar o sistema imunologico para combater o hpv,0,como impulsionar o sistema imunologico para combater o cancer,0
virus viral corona lewat hp xiaomi,virus corona menyebar lewat hp xiaomi,70,fakta virus corona menyebar lewat hp xiaomi,0,virus corona bisa menyebar lewat hp xiaomi,70
o que e coronavirus em ingles,o que e coronavirus ingles,80,o que e corona virus ingles,80,virus corona em ingles da china,80
noticias sobre coronavirus ontario,noticias sobre virus corona noticias sobre a china,70,coronavirus em ontario,80,coronavirus para ontario,40
coronavirus em caes contagiosos para humanos,o coronavirus em caes pode se espalhar para humanos,80,os humanos podem passar norovirus para caes,0,os caes podem passar norovirus para os humanos,0
o teste covid-19 e preciso,eu preciso fazer o teste?,0,qual modelo covid-19 e mais preciso?,75,o teste covid-19 e gratuito?,0
coronavirus nos eua confirmado,coronavirus total confirmado nos eua,70,virus corona confirmado nos eua,80,coronavirus primeiro caso confirmado nos eua,10
e coronavirus no peru,coronavirus i peru,70,coronavirus minsa peru,70,coronavirus peru pdf,70
efeitos colaterais da vacina contra cinomose canina,efeitos colaterais da vacina contra cinomose canina filhotes,40,efeitos colaterais da vacina contra o virus da cinomose canina,40,efeitos colaterais da vacina parvo canina,0
quais alimentos podem fortalecer seu sistema imunologico,quais alimentos podem construir seu sistema imunologico,100,quais alimentos ajudam a fortalecer seu sistema imunologico,100,quais alimentos comer para fortalecer seu sistema imunologico,100
quais sao os grupos de risco,quais sao os grupos considerados de risco para o covid-19?,100,quais sao os sinais / sintomas e fatores de risco para covid-19,0,quais sao os sintomas?,0
o coronavirus esta diminuindo a velocidade nos eua,o coronavirus esta diminuindo a velocidade na italia,0,o coronavirus esta diminuindo nos eua,80,o coronavirus esta diminuindo,0
o que devo fazer se ficar doente durante uma viagem,o que devo fazer se alguem em minha casa ficar doente com covid-19?,0,o que devo fazer se alguem da minha familia ficar muito doente com covid-19?,0,que cuidados devo tomar durante a viagem?,70
e coronavirus em wisconsin,coronavirus e wisconsin,100,coronavirus em wisconsin pelo condado,80,mortes por coronavirus em wisconsin,0
covid-19 foi encontrado no papel higienico,covid-19 vive no papel?,75,onde foi encontrado o coronavirus,0,covid-19 pode viver no papel?,90
farmacias e drogarias podem comercializar testes para covid-19,as distribuidoras de produtos para saude podem comercializar testes para covid-19 para qualquer estabelecimento? podem ser comercializados testes para pessoas fisicas?,80,quem pode comercializar os testes rapidos para covid-19?,80,distribuidoras de produtos para saude podem comercializar testes para covid-19 para servicos de saude privados?,70
calendario de vacinacao para parvovirus caes,esquema de vacinacao de parvovirus para caes,80,calendario vacinal para parvovirus canino,90,calendario de vacinacao contra hepatite canina,0
prevencao do coronavirus malasia,quais a medidas de prevencao,80,prevencao da doenca coronavirus,80,quais sao as principais formas de prevencao do coronavirus,80
quais sintomas de covid-19 vem primeiro,os sintomas de covid-19 vem e vao?,0,quais sintomas covid-19?,80,quais sao os sintomas de covid-19?,80
como estimular naturalmente seu sistema imunologico quando estiver doente,como posso estimular meu sistema imunologico quando estiver doente,80,como impulsionar seu sistema imunologico quando estiver doente,80,como fortalecer seu sistema imunologico quando estiver doente,80
que comida e boa para impulsionar seu sistema imunologico,que comida e boa para construir seu sistema imunologico,90,que fruta e boa para impulsionar seu sistema imunologico,75,que vitamina e boa para impulsionar seu sistema imunologico,75
sintomas de coronavirus aperto no peito,o coronavirus causa dores no peito,80,o coronavirus causa chiado no peito,75,o coronavirus causa dor no peito,80
coronavirus em cingapura,coronavirus novo em cingapura,80,coronavirus em cingapura agora,80,coronavirus em cingapura mais recente,80
quem tem risco maior para desenvolver doencas graves,quem corre maior risco de contrair doencas graves devido ao covid-19?,100,quem corre maior risco?,100,as pessoas que fumam tem maior risco de desenvolver complicacoes graves se contrairem a covid-19?,60
o coronavirus causa laringite,o coronavirus pode causar laringite,100,o coronavirus comeca com laringite,45,o coronavirus causa drenagem,0
tratamento com medicamento para coronavirus na india,tratamento com medicamento para coronavirus em hindi,75,medicamento para coronavirus encontrado na india,80,atualizacao de medicamento para coronavirus na india,80
como o virus corona e feito,e o virus corona feito,80,como o virus corona foi feito,90,e corona virus feito na china,80
significado de epidemia de coronavirus,significado de pandemia de coronavirus,90,conspiracao de epidemia de coronavirus,0,wiki de epidemia de coronavirus,40
e necessaria vacina contra cinomose canina,reacoes adversas a vacina contra cinomose canina,80,eficacia da vacina contra cinomose canina,60,vacina contra cinomose canina inativada,0
quanto tempo pode o coronavirus que causa covid-19 sobreviver em superficies,quanto tempo pode o coronavirus sobreviver em superficies diferentes,90,quanto tempo pode o coronavirus sobreviver em superficies cdc,80,o coronavirus pode sobreviver em superficies,90
coronavirus nhl,noticias do coronavirus,90,quais sao as ultimas noticias do coronavirus,90,coronavirus portugalete,0
virus corona na india causa,virus corona na india relatorio,45,virus corona na india noticias,45,virus corona na india bihar,0
e coronavirus em dc,coronavirus em washington dc,80,coronavirus nos eua washington dc,80,e coronavirus em kentucky,0
como a infeccao por norovirus e diagnosticada,como voce diagnostica infeccao por norovirus,90,como voce pega a infeccao por norovirus,0,como obter infeccao por norovirus,0
coronavirus no mapa dos eua,coronavirus no mapa dos eua georgia,0,casos de coronavirus no mapa dos eua,80,coronavirus no mapa dos eua com estados,80
coronavirus em deli india,e coronavirus em deli,90,surto de coronavirus em deli,60,e o coronavirus em deli,30
como tornar o sistema imunologico quora forte,como tornar meu sistema imunologico forte,75,como tornar seu sistema imunologico forte,75,como tornar o sistema imunologico super forte,75
informacoes relacionadas ao coronavirus,quais sao algumas dicas de viagem relacionadas ao covid-19?,40,que porcentagem das mortes de covid-19 estao relacionadas ao fumo?,0,noticias relacionadas com coronavirus na india,0
meme da indonesia do virus corona,quem corona virus da indonesia,0,virus corona no meme do mexico,0,meme do virus corona com cerveja,0
coronavirus ultimas noticias hindi,ultimas noticias sobre virus corona hindi,90,coronavirus em dubai ultimas noticias em hindi,80,ultimas noticias sobre virus corona em hindi,100
e verdade que quando eles testam para covid-19 eles nao podem determinar especificamente se e covid-19 ou nao,os testes de anticorpos covid-19 sao precisos,80,os testes covid-19 sao precisos,80,"meus pais sao mais velhos, o que os coloca em maior risco de contrair covid-19, e eles nao moram nas proximidades. como posso ajuda-los se eles ficarem doentes",0
como aumentar o sistema imunologico de bebes amamentados,como aumentar o sistema imunologico em bebes,100,como melhorar o sistema imunologico de bebes,100,como construir o sistema imunologico de seus bebes,100
ultimas noticias sobre virus corona na alemanha,ultimas noticias corona virus alemanha,90,noticias sobre o virus corona na alemanha,90,coronavirus na alemanha ultimas noticias,90
pandemia de coronavirus wiki china,coronavirus en china wiki,65,que wiki de coronavirus,0,wiki de epidemia de coronavirus,0
pandemia de coronavirus quem,quem sera a superpotencia mundial no fim da pandemia covid-19?,0,fonte de coronavirus quem,90,pandemia de coronavirus vivo,0
coronavirus portugalete,coronavirus em portugalete,100,casos de coronavirus na europa,80,coronavirus na europa mapa,80
corona virus japao pela prefeitura,corona virus prefeitura do japao,90,china corona virus japao,80,virus corona no japao noticias,90
o que e a sorologia para covid-19,o que e teste de sorologia e posso ser testado usando este metodo?,90,o que e a covid-19?,0,o que e a covid-19?,0
maneira mais rapida de construir seu sistema imunologico,qual e a maneira mais rapida de construir seu sistema imunologico,90,maneira mais rapida de impulsionar seu sistema imunologico,90,maneira mais rapida de impulsionar o sistema imunologico,90
o coronavirus pode me matar,o coronavirus vai me matar,80,poderia o coronavirus me matar,90,coronavirus pode matar,90
como tornar o sistema imunologico forte contra o frio,como podemos tornar o sistema imunologico forte,80,como tornar o sistema imunologico quora forte,10,como tornar o sistema imunologico super forte,80
quanto tempo e o periodo de recuperacao do coronavirus,quanto tempo leva a recuperacao do coronavirus,100,quanto tempo e o periodo de incubacao para covid-19?,0,quanto tempo dura a recuperacao de uma pessoacom covid-19?,100
coronavirus china o que,o que o coronavirus china faz,100,que animal causa o coronavirus china,0,o que e coronavirus da china,100
mapa para coronavirus nos eua,mapa de casos corona virus nos eua,90,mapa de casos confirmados de coronavirus nos eua,80,mapa de onde o coronavirus esta nos eua,100
por que esta renomeando o novo covid-19,por que trump ainda esta politizando covid-19?,0,o que significa que covid-19 e novo?,80,por que todo mundo esta tao preocupado com o novo covid-19 se o sars era mais virulento?,0
efeitos do virus corona em animais,efeitos do virus corona na india,0,animais com doencas do virus corona,40,virus corona espalhando animais,0
quanto tempo o coronavirus leva para mostrar os sintomas,virus corona quanto tempo leva para mostrar os sintomas,100,quanto tempo o virus corona leva para mostrar os sintomas,100,quanto tempo leva para o virus corona mostrar os sintomas,100
coronavirus filipinas 31 de janeiro de 2020,noticias sobre coronavirus 31 de janeiro de 2020,0,coronavirus filipinas janeiro de 2020,100,coronavirus filipinas 28 de janeiro de 2020,0
coronavirus dogana austriaca,areas afetadas pelo virus corona na italia,90,noticias sobre coronavirus italia,90,ultimas noticias sobre o virus corona na italia,90
sinal de alerta de coronavirus,nivel de alerta de coronavirus,0,mensagem de alerta de coronavirus,90,alerta de coronavirus eua,30
onde esta localizado o coronavirus,onde esta o coronavirus localizado nos estados unidos,30,onde esta o coronavirus eua,30,onde esta o coronavirus gato,0
coronavirus japao yahoo,como obter um sistema imunologico mais forte yahoo,0,coronavirus gifu japao,0,noticias sobre coronavirus japao,70
o coronavirus esta no ar la fora,coronavirus posso correr la fora,0,coronavirus posso ir la fora,0,coronavirus voce pode ir la fora,75
como estimular o sistema imunologico apos a gripe,como estimular o sistema imunologico apos a quimioterapia,0,como estimular o sistema imunologico apos a quimio,0,como construir o sistema imunologico apos a gripe,90
quantos casos de coronavirus em paris,coronavirus em paris,30,e coronavirus em paris,0,"coronavirus em paris, franca",0
coronavirus posso ir correr,coronavirus posso correr la fora,100,coronavirus voce pode correr para fora,100,coronavirus e seguro correr para fora,100
que estrategias a china usou para impedir covid-19,o que a china esta fazendo para impedir a disseminacao do covid-19,100,disseminacao do virus corona na china,80,como podemos tomar precaucoes para impedir covid-19?,0
como faco para saber se tenho baixo sistema imunologico,como faco para saber se tenho sistema imunologico fraco,90,como faco para saber se tenho forte sistema imunologico,0,como faco para saber se tenho um bom sistema imunologico,0
como melhorar o sistema imunologico rapidamente,como melhorar seu sistema imunologico rapidamente em hindi,60,como impulsionar o sistema imunologico rapidamente,90,como aumentar o sistema imunologico rapidamente,90
coronavirus em humanos,coronavirus em seres humanos,90,doenca coronavirus em humanos,90,efeitos do coronavirus em humanos,15
qual e a temperatura corporal de 19 covid,qual e a taxa de mortalidade covid 19,0,pode o coronavirus causar baixa temperatura corporal,45,qual e a temperatura do coronavirus,80
o coronavirus vai piorar em nos,o coronavirus vai nos matar,0,o coronavirus vai matar todos nos,15,as mudancas climaticas irao piorar o covid-19?,0
quantos casos de coronavirus em dane county,casos de coronavirus no mapa dos eua,80,mapa de casos corona virus nos eua,80,quantos casos de coronavirus em lake county,0
o virus corona pode sobreviver a que temperatura,o coronavirus pode sobreviver a que temperatura,90,coronavirus pode sobreviver a quanta temperatura,90,o virus corona morrera a que temperatura,80
coronavirus vilseck alemanha,coronavirus alemanha prowein,0,coronavirus alemanha wiki,0,coronavirus na alemanha,80
virus corona berasal dari xiaomi,virus corona xiaomi,0,virus corona di xiaomi,0,virus corona menyebar hp xiaomi,0
um sistema imunologico saudavel destroi as celulas cancerosas com,como posso impulsionar meu sistema imunologico para lutar contra o cancer,70,como aumentar o cancer do sistema imunologico,70,como impulsionar seu sistema imunologico apos o cancer,70
quanto tempo o coronavirus permanece nas superficies,por quanto tempo covid-19 permanece vivo nas superficies?,100,quanto tempo o coronavirus permanece nas frutas,45,quanto tempo o coronavirus permanece nas roupas,45
ha boas noticias sobre covid-19,noticias sobre virus corona noticias sobre a china,45,noticias sobre coronavirus deutschland,45,noticias sobre coronavirus malasia,35
coronavirus posso ir para a casa dos meus amigos,coronavirus posso ver meus amigos,90,coronavirus posso ir para a academia,15,coronavirus posso visitar amigos,90
quanto tempo dura o coronavirus quando voce o pega,quanto tempo apos o contato voce pega norovirus,0,quanto tempo dura o coronavirus,90,quanto tempo dura o coronavirus se voce pega-lo,100
o que esta no projeto de lei de alivio do coronavirus,qual e o projeto de lei do coronavirus,90,o que e o pacote de alivio do coronavirus,15,sera que o covid-19 realmente nos colocara na lei marcial?,0
e seguro receber a entrega de mantimentos,e seguro receber um pacote de uma area onde covid-19 foi relatado?,25,e seguro receber um pacote de qualquer area onde covid-19 foi relatado?,25,e seguro receber um pacote de qualquer area em que a covid-19 tenha sido relatada?,25
o que sao testes para deteccao de doencas como a covid-19,o que sao testes para covid-19? que tipo de amostra e usada nos testes ?,80,os testes covid-19 sao gratuitos?,0,os testes covid-19 sao confiaveis?,0
como construir o sistema imunologico do seu bebe,como construir o sistema imunologico do meu bebe,100,como construir o sistema imunologico do bebe apos antibioticos,25,como construir o sistema imunologico no bebe,100
efeito do coronavirus no mercado de acoes,impacto do coronavirus no mercado de acoes,80,mercado imobiliario de efeito coronavirus,80,o coronavirus afetara o mercado de acoes,80
onde o virus corona se originou,de onde o virus corona se originou,100,coronavirus se originou onde,100,onde covid-19 se originou?,100
quantos afetados com coronavirus nos eua,quantos afetados com coronavirus nos estados unidos,100,quantos nos eua com coronavirus,100,quantos com coronavirus nos eua,100
o que e coronavirus e como ele se espalha,o que e coronavirus e como ele se espalha em hindi,45,o que e coronavirus e como se espalha,90,o que e coronavirus e como ele comecou,703
coronavirus e voos dos eua,coronavirus e mapa dos eua,65,coronavirus mapa dos casos dos eua,65,coronavirus cidades dos eua,65
os sobreviventes de covid-19 sao imunes,as pessoas que tem a doenca ficam imunes,80,as criancas sao imunes ao virus que causa covid-19?,0,por que as criancas sao quase imunes ao covid-19?,0
coronavirus de cachorro morre,cachorro infectado com coronavirus morre,100,video de coronavirus de cachorro,0,morte de coronavirus de cachorro,80
casos de coronavirus em roma,e coronavirus em roma,90,coronavirus roma youtube,0,coronavirus na italia roma,45
entao serei liberado apos atendimento na unidade,serei cobrado por um teste covid-19?,0,"se eu estiver infectado, serei internado?",0,serei capaz de ganhar dinheiro comprando acoes?,0
virus corona em dubai ultimas noticias,ultimas noticias sobre virus corona em dubai,90,ultimas noticias sobre o virus corona em dubai,90,coronavirus em dubai ultimas noticias,90
qual e a probabilidade de pegar o virus covid-19 durante este surto,qual a  probabilidade de eu pegar a covid-19?,80,qual a probabilidade de eu pegar covid-19 de mosquitos?,0,qual a probabilidade de o virus covid-19 sofrer mutacao e quando?,0
o virus corona e afetado pela temperatura,virus corona na india afetado,0,e o virus corona sensivel a temperatura,75,e o virus corona feito pela china,0
melhor maneira de construir o sistema imunologico antes da cirurgia,melhor maneira de construir o sistema imunologico,45,melhor maneira de fortalecer o sistema imunologico antes de viajar,0,melhor maneira de construir o sistema imunologico de caes,0
que parte do seu corpo e o seu sistema imunologico,que parte do corpo luta contra os virus,80,como impulsionar o sistema imunologico do seu corpo,0,como aumentar o sistema imunologico do seu corpo,0
coronavirus se espalha para distritos escolares locais de san diego,noticias sobre coronavirus para san diego,80,vacina de coronavirus san diego,0,e coronavirus em san diego,75
o virus corona e uma guerra biologica,o coronavirus e uma guerra biologica,90,virus corona e uma arma biologica,90,e guerra biologica do coronavirus,90
no isolamento domiciliar quais cuidados o paciente deve ter,o que e isolamento domiciliar? quais cuidados devem ser tomados no isolamento domiciliar?,90,quais cuidados devem ser tomados no isolamento domiciliar?,90,quais cuidados se deve ter com os gatos?,0
sintomas do dia do coronavirus,sintomas de coronavirus desde o dia 1,80,sintomas do coronavirus chicago,0,sintomas do virus coronavirus,75
coronavirus reino unido londres uni,coronavirus em londres reino unido,75,coronavirus manchester reino unido,75,coronavirus e reino unido,80
coronavirus te deixa com o nariz escorrendo,o coronavirus deixa voce com frio,0,o coronavirus causa nariz entupido,75,o coronavirus deixa voce constipado,80
taxa de mortalidade por coronavirus fora da china,comparacao da taxa de mortalidade por coronavirus,0,porcentagem da taxa de mortalidade por coronavirus,15,taxa de mortalidade do virus corona versus taxa de mortalidade da gripe,0
como o coronavirus acontece,virus corona como isso acontece,80,o que acontece quando eu obtiver covid-19?,55,o que acontece quando o sistema imunologico falha,0
vietnam e coronavirus,e o coronavirus no vietnam,75,vietnam urlaub coronavirus,0,coronavirus vietnam viaggiare sicuri,0
coronavirus posso ir la fora,coronavirus posso correr la fora,65,coronavirus posso andar la fora,80,o coronavirus esta no ar la fora,80
que comida constroi o sistema imunologico,o que constroi seu sistema imunologico,75,o que constroi seu sistema imunologico rapido,65,o que constroi um bom sistema imunologico,75
o que os funcionarios devem fazer se um hospede ficar doente em um estabelecimento de hospedagem,que precaucoes todos devem ter em um hotel ou outro estabelecimento de hospedagem?,45,o que os funcionarios podem fazer para se manter seguros enquanto trabalham em um hotel ou outro estabelecimento de acomodacao?,75,o que devo fazer se ficar doente durante uma viagem?,0
as mortes de covid-19 atingiram o pico,covid-19 atingiu o pico?,90,as mortes de covid-19 sao precisas?,75,as mortes de covid-19 devem ser cremadas?,0
casos de coronavirus no canada hoje,casos de coronavirus no canada,100,quantos casos de coronavirus no canada,90,novos casos de coronavirus no canada,80
devo usar uma mascara para me proteger,devo usar mascara me proteger?,100,devo usar uma mascara facial para me proteger contra o coronavirus,100,devo usar uma mascara?,100
quantos casos de coronavirus na florida por condado,quantos casos de coronavirus na georgia por condado,0,coronavirus em casos da florida por condado,100,quantos casos de coronavirus no condado de charlotte florida,0
coronavirus era uma arma biologica,virus corona era uma arma biologica,100,coronavirus e uma arma biologica,100,coronavirus como uma arma biologica,100
gravidas correm risco maior,as mulheres gravidas sao mais suscetiveis ao virus covid-19 e isso prejudicara o feto,90,covid-19 e especialmente prejudicial para mulheres gravidas,90,as mulheres gravidas correm maior risco de covid-19,100
como tornar seu sistema imunologico mais forte,como tornar seu sistema auto-imune mais forte,90,como tornar seu sistema imunologico o mais forte possivel,90,como tornar seu sistema imunologico mais forte com alimentos,80
atualizacao do medicamento coronavirus israel,atualizacao do medicamento para coronavirus em hindi,0,atualizacao de medicamento para coronavirus,65,atualizacao de medicamento de coronavirus jaipur,0
ed como o seu sistema imunologico funciona,como funciona o seu sistema imunologico,80,explique como funciona o seu sistema imunologico,80,video como funciona o seu sistema imunologico,80
covid 19 novos casos da coreia do sul,covid 19 total da coreia do sul,80,dados covid 19 da coreia do sul,80,governo covid 19 da coreia do sul,0
o que aconteceria se o teste de trunfo fosse positivo para covid-19,o trunfo esta administrando bem em covid-19,70,o que poderia acontecer se a cura para covid-19 nao fosse encontrada?,0,se o resultado do teste rapido (igm/igg) for positivo isso indica que tenho covid-19?,0
o coronavirus esta se espalhando,onde esta o coronavirus se espalhando,65,como o coronavirus esta se espalhando,65,o coronavirus ainda esta se espalhando,75
virus corona como isso acontece,corona virus china fez isso,0,como o coronavirus acontece,90,virus corona originou como,0
como estimular um sistema imunologico suprimido,como fortalecer um sistema imunologico suprimido,100,como melhorar um sistema imunologico suprimido,90,como curar um sistema imunologico suprimido,80
o que mantem seu sistema imunologico forte,o que mantem o sistema imunologico forte,100,quais alimentos mantem seu sistema imunologico forte,80,como voce mantem seu sistema imunologico forte,90
pacientes com coronavirus nos eua,pacientes com coronavirus em nos,0,coronavirus nos eua com,65,quantos com coronavirus nos eua,85
qual e a taxa de mortalidade por coronavirus,qual e aproximadamente a taxa de mortalidade real para covid-19,100,porcentagem de mortalidade por coronavirus,100,idade taxa de mortalidade por coronavirus,80
malhar afeta o sistema imunologico,o que afeta seu sistema imunologico,65,como o exercicio afeta o sistema imunologico,75,como a atividade fisica afeta o sistema imunologico,75
o coronavirus vive em papelao,o coronavirus sobrevive em papelao,90,pode corona viver em papelao,90,quanto tempo o coronavirus durara em papelao,75
o que comer para fortalecer o sistema imunologico,o que comer para fortalecer meu sistema imunologico,100,alimentos para comer para fortalecer o sistema imunologico,100,o que devo comer para fortalecer meu sistema imunologico,100
como impulsionar seu sistema imunologico quando voce tem hpv,como impulsionar seu sistema imunologico se voce tiver hpv,100,como impulsionar seu sistema imunologico quando voce esta doente,75,como impulsionar seu sistema imunologico contra o hpv,100
o coronavirus veio de animais,o coronavirus veio de comer animais,45,coronavirus de animais,35,o coronavirus veio de cobras,15
como impulsionar o sistema imunologico naturalmente wikihow,como impulsionar o sistema imunologico naturalmente,75,como impulsionar seu sistema imunologico naturalmente,75,como impulsionar meu sistema imunologico naturalmente,75
o coronavirus deixa voce congestionado,o coronavirus deixa voce tonto,45,o coronavirus deixa voce confuso,65,o coronavirus deixa voce constipado,80
os caes podem passar norovirus para os humanos,os caes podem transmitir norovirus aos humanos,90,os humanos podem pegar coronavirus de caes,0,voce pode passar norovirus para caes,0
como ter um sistema imunologico forte e saudavel,como ter um sistema imunologico forte,80,como ter um sistema imunologico mais saudavel,80,como ter um sistema imunologico muito saudavel,80
que cuidados devo ter se estiver em isolamento,"se estiver em isolamento, posso receber pessoas em casa?",60,"no isolamento domiciliar, quais cuidados o paciente deve ter?",80,que cuidados devo ter na preparacao e confecao de alimentos?,0
qualquer sabao serve para higienizar,para que serve a vacina de parvovirus canino,0,podemos levar agua e sabao para a rua como alternativa ao alcool gel?,35,devo usar agua e sabao ou um desinfetante para as maos para me proteger contra covid-19?,45
como tornar o sistema imunologico fraco mais forte,como tornar forte o sistema imunologico fraco,80,como tornar o sistema imunologico mais forte,80,como tornar seu sistema imunologico mais forte,80
por que os estados republicanos sao mais relutantes em emitir ordens de permanencia em casa para mitigar a covid-19 em comparacao com os democratas,por que covid-19 matou mais cristaos em comparacao com os muculmanos?,0,aviso de permanencia em casa de cobicado 19 cingapura,0,por que os eua estao lutando tanto em comparacao com outros paises quando se trata de testes para covid-19?,0
o que e melhor para impulsionar seu sistema imunologico,o que e melhor para impulsionar o sistema imunologico,90,qual e o melhor suco para impulsionar seu sistema imunologico,35,qual e o melhor produto para impulsionar seu sistema imunologico,80
que vitamina aumenta seu sistema imunologico,que comida aumenta seu sistema imunologico,0,que vitamina ajuda seu sistema imunologico,80,que vitamina fortalece seu sistema imunologico,80
como posso impulsionar meu sistema imunologico para lutar contra o cancer,como posso impulsionar meu sistema imunologico para lutar contra o hpv,0,como fortalecer meu sistema imunologico para lutar contra o cancer,80,como construir seu sistema imunologico para lutar contra o cancer,80
como evitar o fumo ambiental em casa durante o periodo de confinamento,gostaria de deixar de fumar como posso obter apoio,60,e o coronavirus contagioso durante o periodo de incubacao,0,como deve ser feito o periodo de quarentena em casa para quem esta com sintomas?,0
dicas para manter o sistema imunologico saudavel,alimentos para manter um sistema imunologico saudavel,35,vitaminas para manter um sistema imunologico saudavel,35,como manter o sistema imunologico saudavel,90
noticias de virus corona na china,noticias atualizacao virus corona na china,90,virus corona na china noticias hindi,0,noticias sobre virus corona na china,90
maneira mais facil de impulsionar seu sistema imunologico,maneira mais rapida de impulsionar o sistema imunologico,65,maneira rapida de impulsionar seu sistema imunologico,65,qual e a maneira mais rapida de impulsionar seu sistema imunologico,65
como o coronavirus de,como funciona o bloqueio de coronavirus,0,como funciona o teste de coronavirus,0,como o coronavirus afeta o mercado de acoes,0
coronavirus em chicago 2020,coronavirus em chicago illinois,35,e coronavirus em chicago,80,coronavirus confirmado em chicago,80
coronavirus na china youtube,coronavirus na china no youtube,90,youtube china coronavirus,90,pandemia de coronavirus do youtube na china ausser kontrolle,75
maneiras de manter seu sistema imunologico saudavel,melhores maneiras de manter seu sistema imunologico saudavel,90,maneiras de manter o sistema imunologico saudavel,100,maneiras de manter um sistema imunologico saudavel,100
covid-19 e covid-19 sao iguais,como covid-19 e sars cov sao semelhantes?,80,quais sao as diferencas entre influenza e covid-19?,40,os testes covid-19 sao precisos?,0
o que fortalece seu sistema imunologico,que vitamina fortalece seu sistema imunologico,35,que comida fortalece o seu sistema imunologico,35,que comida fortalece o sistema imunologico,35
todos os empregos voltarao rapidamente quando a pandemia covid-19 acabar,o que precisa mudar quando a pandemia covid-19 acabar?,0,quando covid-19 acabar?,45,que setores criariam empregos apos a pandemia covid-19?,50
e o virus corona na nigeria,http // e o virus corona na nigeria,90,noticias do virus corona na nigeria,90,atualizacao do virus corona na nigeria,90
como os sintomas do coronavirus comecam,como os sintomas do coronavirus,70,quais os sintomas do coronavirus?,65,quais os sintomas do covid-19?,65
posso continuar minhas atividades ao ar livre por exemplo corro na praia ou no parque posso continuar neste momento,coronavirus posso ir ao parque,80,"coronavirus, posso ir ao parque reino unido?",75,e arriscado continuar trabalhando?,0
os sintomas de covid-19 aparecem rapidamente,os sintomas de covid-19 aparecem rapido?,100,quais sintomas de covid-19 aparecem primeiro?,50,quanto tempo apos a exposicao os sintomas do coronavirus aparecem,50
o que significa se voce tem um sistema imunologico fraco,o que significa quando voce tem um sistema imunologico fraco,100,o que significa se voce tem um sistema imunologico ruim,100,o que significa se voce tem um sistema imunologico baixo,100
havera medida de restricao ou bloqueio a pessoascom sintomas vindas de outras cidades,existe alguma medida de monitoramento de temperatura de pessoas vindas da china ou de outro pais com registro do covid-19?,70,havera um covid-19 20 ou superior?,0,adicionar pimenta a sopa ou outras refeicoes pode ajudar a prevenir ou curar o covid-19?,0
ultimas noticias sobre vacina contra coronavirus na india,ultimas noticias sobre coronavirus na india,100,ultimas noticias sobre virus corona na india,100,ultimas noticias na india sobre virus corona,100
os pacientes com covid-19 devem tomar advil,os pacientes com covid-19 devem ser intubados?,0,os pacientes com covid-19 devem ser ventilados?,0,os pacientes com covid-19 devem evitar o ibuprofeno?,30
como voce pode manter seu sistema imunologico saudavel,como voce pode manter um sistema imunologico saudavel,100,como manter seu sistema imunologico saudavel,100,o que voce pode fazer para manter seu sistema imunologico saudavel,100
como seu corpo luta contra o virus da gripe,como seu corpo luta contra virus,60,como seu corpo luta contra o virus,60,como seu corpo luta contra os virus,60
coronavirus originado,coronavirus originado de onde,100,coronavirus originado dos eua,0,coronavirus originado de nos,0
coronavirus confirmado nas filipinas,coronavirus nas filipinas,70,coronavirus nas filipinas 2020,70,coronavirus nas noticias filipinas,80
como covid-19 comeca,qual covid-19 comeca?,70,onde covid-19 comeca?,30,como o coronavirus comeca,100
coronavirus na coreia ultimas noticias,virus corona na coreia ultimas noticias,100,ultimas noticias corona virus coreia,100,corona virus ultimas noticias coreia,100
laboratorio de origem de coronavirus,e coronavirus de um laboratorio,80,covid-19 veio de um laboratorio?,80,mercado de origem de coronavirus,0
o virus corona e um virus rna ou dna,o virus corona e um virus rna ou dna,100,e o virus corona rna ou virus dna,100,e o virus corona rna ou dna,100
coronavirus hku1 pcr,coronavirus hku1 tailandia,0,coronavirus hku1 deutsch,0,coronavirus hku1 2020,70
novo caso de coronavirus nos eua,qualquer caso de coronavirus nos eua,70,primeiro caso de coronavirus nos eua,45,coronavirus nos eua primeiro caso,45
quanto tempo dura o coronavirus em um cdc de superficie,quanto tempo dura o coronavirus cdc,0,quanto tempo o coronavirus dura em uma superficie,80,quanto tempo dura o coronavirus em um objeto,80
coronavirus iniciado por,coronavirus iniciado por morcegos,70,virus corona iniciado por,80,qual e o coronavirus iniciado por,80
como impulsionar o sistema imunologico apos antibioticos,melhor maneira de impulsionar o sistema imunologico apos antibioticos,100,como reconstruir o sistema imunologico apos antibioticos,10,como aumentar o sistema imunologico apos antibioticos,100
quais devem ser os cuidados com os bebes,como estimular o sistema imunologico em bebes,60,como construir um sistema imunologico forte em bebes,60,como fortalecer o sistema imunologico de seus bebes,60
atualizacao de coronavirus para os eua,atualizacao de coronavirus nos eua,100,atualizacao de casos de coronavirus eua,100,coronavirus se espalhou para os eua,45
coronavirus em nyc chinatown,coronavirus nyc chinatown confirmado,80,coronavirus em nyc,90,coronavirus confirmado em nyc,80
como construir o sistema imunologico durante a quimio,como fortalecer meu sistema imunologico durante a quimio,100,como construir seu sistema imunologico apos a quimio,100,mantendo o sistema imunologico forte durante a quimio,100
coronavirus no quirguistao ultimas noticias,coronavirus no quirguistao bishkek,80,coronavirus ultimas noticias no paquistao,0,ultimas noticias sobre coronavirus no canada,0
como construir o sistema imunologico quando doente,como aumentar o sistema imunologico quando doente,100,como melhorar o sistema imunologico quando doente,100,como impulsionar o sistema imunologico quando doente,100
casos de coronavirus na africa,casos de coronavirus na africa do sul,10,quantos casos de coronavirus na africa do sul,70,casos de virus corona na africa do sul,90
quantos casos de coronavirus em augusta ga,casos de coronavirus em ga,70,coronavirus em ga,90,quantas mortes por coronavirus em ga,80
em que o virus corona animal encontrado,animal de origem do virus corona,100,e o virus corona encontrado em frango,60,coronavirus e causado por qual animal,80
como o coronavirus se compara a gripe,como o coronavirus se compara a praga,10,como o coronavirus se compara,50,como o covid-19 se compara a outros virus?,70
como voce deixa seu sistema imunologico mais forte,como voce pode tornar seu sistema imunologico mais forte,100,como seu sistema imunologico fica mais forte,100,como tornar seu sistema imunologico mais forte,100
como ter certeza de que seu sistema imunologico e forte,como ter um sistema imunologico forte e saudavel,60,como posso ter certeza de que meu filho continua recebendo sua educacao?,0,como dizer que seu sistema imunologico e forte,90
quanto tempo leva para o virus corona mostrar os sintomas,quanto tempo leva para o virus corona mostrar os sintomas,100,quanto tempo o coronavirus leva para mostrar os sintomas,100,quanto tempo leva o coronavirus para mostrar os sintomas,100
quais medidas estao sendo tomadas para proteger os eua suprimento de sangue do virus que causa covid-19,quais sao as medidas de seguranca tomadas globalmente para prevenir covid-19?,0,que medidas os pais devem tomar para proteger os filhos?,0,por quais razoes os funcionarios do hospital estao sendo expostos ao covid-19?,0
mapa de infeccao do virus corona,mapa do virus corona de casos americanos,40,mapa de infeccao covid-19 eua,40,dados gis do mapa de infeccao por coronavirus,80
que medidas devem ser tomadas para garantir que agua potavel seja usada na producao de alimentos durante esta pandemia,como as instalacoes de alimentos devem ser limpas / desinfetadas durante esta pandemia?,50,que medidas adicionais devem ser tomadas nos locais de trabalho e para empregos de alto risco?,10,que medidas adicionais devem ser tomadas nos locais de trabalho e para empregos de medio risco?,10
quais sao os sintomas mais comuns de covid-19,quais sao alguns equivocos comuns sobre covid-19?,0,quais sao os sintomas?,70,quais sao os sintomas da covid-19,70
tratamento com coronavirus hku1,tratamento com medicamento para coronavirus,50,coronavirus hku1 rna,0,coronavirus hku1 2020,0
vacina contra coronavirus romenia,vacina contra coronavirus,60,e coronavirus na romenia,80,vacina contra cinomose canina contra sarampo,0
coronavirus na florida ultimas noticias,coronavirus na florida,80,coronavirus e florida,80,coronavirus nos eua florida,80
o que e bom para um sistema imunologico saudavel,o que e um bom suplemento para o sistema imunologico,60,o que levar para um sistema imunologico saudavel,80,o que comer para um sistema imunologico saudavel,80
coronavirus posso andar la fora,coronavirus posso correr la fora,100,coronavirus voce pode ir la fora,80,o coronavirus esta no ar la fora,80
o lisol diz que mata o coronavirus,o que e coronavirus humano em lisol,70,o que a fe islamica diz sobre covid-19?,0,e coronavirus em lisol,80
e verdade que 5g espalha o covid-19,e verdade que aqueles que receberam vacinacao bcg teriam imunidade contra covid-19?,0,por que tantas pessoas acreditam que ha uma conexao entre a tecnologia covid-19 e 5g?,100,e verdade que os tipos de sangue o + sao imunes ao covid-19?,0
o que posso fazer se meu filho tiver dificuldades para se ajustar a novas rotinas e seguir as recomendacoes,como posso me preparar caso a creche escolar ou a universidade do meu filho seja dispensada,50,como posso ter certeza de que meu filho continua recebendo sua educacao?,45,posso tocar e segurar meu bebe recem-nascido se eu tiver covid-19?,0
o covid-19 ira embora,o covid-19 ira embora no verao?,60,o covid-19 ira embora na primavera?,60,o covid-19 algum dia ira embora?,100
covid-19 e curavel,coronavirus e curavel,100,e coronavirus curavel em humanos,100,coronavirus e curavel ou nao,100
vacina contra coronavirus para caes,vacina contra coronavirus em caes,100,vacina contra cinomose canina em caes,0,vacina de coronavirus para caes,100
casos confirmados de coronavirus em arkansas,onde estao os casos de coronavirus em arkansas,90,e coronavirus em arkansas,80,casos confirmados de coronavirus em nos,0
como manter seu sistema imunologico forte e saudavel,como manter o sistema imunologico forte e saudavel,100,como manter seu sistema imunologico saudavel,80,como manter seu sistema imunologico forte,80
quais alimentos aumentam meu sistema imunologico,quais alimentos aumentam o sistema imunologico,100,quais alimentos aumentam naturalmente o seu sistema imunologico,100,quais alimentos e bebidas aumentam seu sistema imunologico,100
virus corona da india confirmado,virus corona da india mumbai,0,bangalore virus corona da india,0,virus corona da india afetado,70
a oms recomenda o uso de mascaras com valvulas expiratorias para prevenir a transmissao de covid-19,que tipo de mascaras sao recomendadas para proteger os profissionais de saude da exposicao ao covid-19,60,e recomendado o uso de mascaras de protecao,40,o que a oms recomenda para usuarios de tabaco?,0
novo mapa de infeccao por coronavirus,novo tratamento para infeccao por coronavirus,0,dados gis do mapa de infeccao por coronavirus,80,mapa do pais com infeccao por coronavirus,80
existe alguma orientacao especifica para gestantes que comecem a apresentar sintomas de covid-19,gravidas correm risco maior,80,as mulheres gravidas com covid-19 tem risco aumentado de desfecho adverso na gravidez,70,covid-19 e especialmente prejudicial para mulheres gravidas,70
quantos casos de coronavirus em west hollywood,casos de coronavirus mapa dos eua,80,mapa de infeccao covid-19 eua,80,onde esta o coronavirus no mapa dos eua,80
que alternativas eu tenho se nao houver desinfetantes para as maos disponiveis,"se eu nao conseguir encontrar desinfetante para as maos na loja, posso fazer o meu?",100,eu tenho permissao para sair?,0,devo fazer meu proprio desinfetante para as maos se nao conseguir encontra-lo nas lojas?,100
por quanto tempo voce vomita com norovirus,por quanto tempo voce pode ser contagioso com norovirus,0,quanto tempo voce permanece contagioso com norovirus,0,quanto tempo voce fica contagioso com norovirus,0
o coronavirus afetara a industria da construcao,o coronavirus esta afetando a construcao,100,o coronavirus afetara a internet,0,o coronavirus afetara a voz,0
covid-19 esta minando nossa liberdade,como o covid-19 afetara nossa geracao?,20,o covid-19 mudara a nossa politica?,0,coronavirus e nossa patente,10
o coronavirus esta espalhado pelo ar,o coronavirus esta espalhado no ar,80,coronavirus espalhado pelo dinheiro,0,coronavirus espalhado pelo correio,0
paquistao coronavirus 4 casos,casos de coronavirus no paquistao,80,casos de coronavirus noticias no paquistao,80,casos confirmados de coronavirus no paquistao,80
quantos casos confirmados de coronavirus em nos,casos confirmados de coronavirus em nos,100,quantos casos confirmados de coronavirus em idaho,0,quantos casos confirmados de coronavirus em maine,0
por que os negros americanos estao morrendo em maior numero desde covid-19,por que os trabalhadores medicos estao adoecendo ou morrendo de covid-19 se eles estao usando equipamentos de protecao?,0,por que os americanos sao a nacao mais afetada do mundo por covid-19?,50,por que os politicos mundiais estao subestimando covid-19?,0
coreia do sul covid localizacao de 19 casos,covid 19 coreia do sul,70,covid 19 casos da coreia do sul,80,covid 19 coreia do sul cingapura,0
corona virus quanti casi na germania,coronavirus na europa mapa,80,coronavirus no mapa da europa ,80,em piemonte quanti casi di corona virus ci sono,0
voce esta entediado de ficar em casa devido a covid-19,por quanto tempo o publico americano esta disposto a ficar em casa devido a covid-19?,70,a china ainda esta bloqueada devido a covid-19?,0,devemos ficar em casa para nos proteger?,40
posso passar alcool gel na mao de recem-nascidos e criancas,diante da falta de alcool gel podemos colocar gel de cabelo no alcool 70 liquido como alternativa?,0,"o alcool 92% e eficiente? e o alcool de cereais 93%, eles tem a mesma funcao do alcool gel 70%?",0,o alcool em gel substitui a lavagem com agua e sabao?,50
status do coronavirus no ira,ultimas noticias do virus corona no ira,80,casos de coronavirus no ira,80,status do coronavirus na india,0
voce pode ter dois virus ao mesmo tempo,posso ter gripe e covid-19 ao mesmo tempo,80,quanto tempo voce pode ter o norovirus,0,por quanto tempo voce pode ter norovirus por,0
noticias falsas sobre coronavirus india,noticias sobre coronavirus na india,80,ultimas noticias sobre coronavirus na india,80,noticias sobre coronavirus india em marati,40
e se meu filho precisar ir ao hospital,quem deve ir ao hospital,80,o que farao comigo quando eu chegar no hospital ou posto de saude,75,"se nao ha cura, por que ir ao hospital a menos que tenha problemas respiratorios?",0
foi o homem covid-19 feito,o covid-19 foi feito em um laboratorio,100,coronavirus e feito pelo homem,100,coronavirus feito pelo homem hiv,70
mapa-mundi do contador em tempo real da pandemia de coronavirus,pandemia de coronavirus em tempo real,80,contador de pandemia de coronavirus,90,contagem de mapas mundiais em tempo real de pandemia de coronavirus,100
quantos casos de coronavirus em israel,casos de coronavirus em israel hoje,100,e coronavirus em israel,100,vacina de coronavirus israel,0
vacina para o coronavirus,existe vacina para covid-19?,100,existe uma vacina para o coronavirus?,100,vacina de coronavirus para caes,50
como manter o sistema imunologico forte durante a gravidez,como manter o sistema imunologico ativo durante a gravidez,100,como manter seu sistema imunologico saudavel durante a gravidez,100,como manter o sistema imunologico forte durante a quimioterapia,0
coronavirus em condados de michigan,coronavirus em quarentena de michigan,30,coronavirus em casos de michigan,70,casos de coronavirus em michigan,50
o coronavirus pode causar nauseas,pode o coronavirus causar tontura,90,pode o coronavirus causar vomito,30,o coronavirus pode causar nausea,100
o virus corona se espalha pelo frango,o coronavirus se espalha pelo frango,100,o virus corona se espalha pelo ovo,50,o coronavirus pode se espalhar pelo frango,100
onde posso fazer os testes rapidos igm/igg,o que sao testes rapidos (igm/igg)?,30,e os testes rapidos?,50,o que sao os testes rapidos?,20
por que as pessoas estao mais preocupadas em voltar ao trabalho do que em ficar em casa ate que o virus covid-19 melhore,devo ir trabalhar se houver um surto na minha comunidade,60,como faco para saber se devo parar de trabalhar,50,quanto tempo as pessoas com covid-19 devem ficar em casa e isoladas?,0
quantos casos do coronavirus existem nos estados unidos,quantos casos do coronavirus nos estados unidos,100,quantos casos de coronavirus nos estados unidos,100,quantos casos do coronavirus foram encontrados nos estados unidos,100
se o resultado do teste rapido igm/igg for positivo isso indica que tenho covid-19,que teste devo fazer para ver se tenho covid-19?,0,quem fez teste rapido em laboratorios nao corre um alto risco de ter recebido um resultado falso positivo ou negativo? os testes rapidos (igm/igg) sao confiaveis?,35,o que aconteceria se o teste de trunfo fosse positivo para covid-19?,0
coronavirus e chicago,coronavirus china chicago,0,coronavirus novo chicago,70,coronavirus chicago univision,35
qual virus corona animal espalhou,virus corona espalhado por qual animal,0,virus corona e transmitido de qual animal,0,qual animal e a causa do virus corona,35
quanto tempo leva para as pessoas infectadas apresentarem os sintomas,por quanto tempo as pessoas permanecem infectadas com covid-19?,0,virus corona quanto tempo leva para mostrar os sintomas,100,quanto tempo leva o coronavirus para mostrar os sintomas,100
como lidar com um sistema imunologico fraco,como se livrar de um resfriado com um sistema imunologico fraco,10,como curar um sistema imunologico fraco,90,como testar um sistema imunologico fraco,0
covid 19 malaysia caso 26,covid 19 malaysia uda,25,covid 19 malaysia berita,25,covid 19 malaysia moh,25
o coronavirus teve origem no laboratorio do governo chines,o coronavirus se originou no laboratorio chines,100,laboratorio de origem de coronavirus,80,coronavirus no mercado chines,0
atualizacoes de coronavirus nos,atualizacao de coronavirus nos eua,80,qual e a atualizacao sobre coronavirus nos eua,80,atualizacoes do coronavirus nyc,0
prevencao do coronavirus alemanha,prevencao do coronavirus malasia,0,atualizacao do coronavirus na alemanha,35,prevencao do virus corona na india,0
e coronavirus em perth,casos de coronavirus na australia,80,casos confirmados de coronavirus na australia,80,noticias sobre coronavirus australia,80
o que levar para um sistema imunologico saudavel,o que levar para o sistema imunologico baixo,0,o que levar para o sistema imunologico fraco,0,o que levar para aumentar o sistema imunologico,90
como o virus corona afeta o ser humano,como o coronavirus afeta o corpo humano,100,como o virus corona afeta o corpo,100,como o virus corona afeta os humanos,100
as vacinas covid-19 serao eficazes uma vez que uma pessoa recuperada pode contrair o virus novamente,pode uma pessoa jovem e saudavel morrer de uma infeccao covid-19?,0,voce pode pegar um covid-19 mais de uma vez?,60,o coronavirus pode matar uma pessoa saudavel,0
onde esta o coronavirus agora mapa,onde esta o coronavirus agora nos eua,35,onde esta o coronavirus nos eua agora,35,onde esta o mapa do coronavirus,90
mortes por coronavirus no reino unido ontem,mortes por coronavirus no reino unido por idade,65,mortes por coronavirus no reino unido por dia,70,mortes por coronavirus no reino unido por regiao,70
o que e coronavirus humano em lisol,o que e coronavirus humano,0,o lisol diz que mata o coronavirus,10,e coronavirus na lata de lisol,80
o que e periodo de incubacao cobicado,o que e o periodo de incubacao de covid-19s?,50,o que e o periodo de incubacao do coronavirus,70,"o que e o ""periodo de incubacao""?",80
covid-19 realmente se originou da provincia da china ou simplesmente foi descoberto la,onde covid-19 se originou?,80,a taxa de recuperacao muito alta da china de covid-19 e realmente precisa?,0,a administracao trump realmente herdou um teste covid-19 defeituoso ou desatualizado da administracao obama?,0
como o coronavirus se compara a praga,como o coronavirus se compara,50,como o coronavirus se compara a gripe suina,0,como o covid-19 se compara a outros virus?,40
o que torna meu sistema imunologico mais forte,o que torna seu sistema imunologico mais forte,100,que vitamina torna o seu sistema imunologico mais forte,40,beijar torna seu sistema imunologico mais forte,30
ouvi falar que a cloroquina e hidroxicloroquina estao sendo usadas de forma eficaz para o tratamento da covid- 19. se eu ficar doente devo usar tambem,o que devo fazer se ficar doente durante uma viagem?,30,quando eu devo usar luvas?,0,o que devo fazer se alguem da minha familia ficar muito doente com covid-19?,30
coronavirus covid 19 casos globais pelo centro de sistemas,coronavirus covid 19 casos globais pelo centro de ciencia de sistemas e engenharia csse em johns,70,coronavirus covid 19 casos globais pelo centro para o sistema,60,casos globais de coronavirus covid-19 pelo centro de ciencia e engenharia de sistemas,70
coronavirus e canada,coronavirus e encontrado no canada,80,coronavirus no canada,90,coronavirus pandemico canada,80
como o sistema imunologico pode combater os virus,como combater o virus no corpo,80,como o sistema imunologico combate os virus,90,como o sistema imunologico mata os virus,90
qual e o tamanho do bovino covid-19,qual e o tamanho do genoma do covid-19?,0,qual e a estrutura molecular do covid-19 bovino?,70,a estrutura do bovino covid-19 e conhecida?,70
esquema de vacinacao parvo para caes,parvo vacinal caes,90,calendario de vacinacao para parvovirus caes,50,vacinacao contra parvovirus canino para caes,90
casos de coronavirus na grecia,coronavirus na grecia,100,e coronavirus na grecia,100,atualizacao do coronavirus na grecia,100
quais vegetais sao bons para o seu sistema imunologico,quais alimentos sao bons para construir seu sistema imunologico,100,quais alimentos sao bons para impulsionar seu sistema imunologico,100,quais alimentos sao bons para fortalecer seu sistema imunologico,100
quanto tempo e o periodo de incubacao para covid-19,quanto tempo e o tempo de incubacao para covid-19?,100,qual e o periodo de incubacao?,100,o que e periodo de incubacao cobicado,30
cidade de origem do coronavirus,cdc de origem do coronavirus,30,guerra de origem do coronavirus,0,coala de origem do coronavirus,0
casos globais de coronavirus covid-19 pelo centro de ciencia e engenharia de sistemas,coronavirus covid 19 casos globais pelo centro de sistemas,100,coronavirus covid 19 casos globais pelo centro,0,coronavirus covid 19 casos globais pelo centro para o sistema,0
e coronavirus em singapura,coronavirus em propriedade de singapura,90,morte por coronavirus em singapura,90,impacto do coronavirus em singapura,50
qual dieta estimula seu sistema imunologico,o que estimula seu sistema imunologico,80,que medicamento estimula seu sistema imunologico,10,que fruta estimula seu sistema imunologico,90
voce tem um sistema imunologico melhor durante a gravidez,voce tem um sistema imunologico fraco durante a gravidez,60,voce tem um sistema imunologico baixo durante a gravidez,60,melhor sistema imunologico durante a gravidez,80
quando covid-19 vai parar,o clima quente vai parar o surto de covid-19?,0,quando todo mundo vai levar covid-19 a serio?,0,como faco para parar covid-19?,10
ultimas noticias sobre o virus corona em hyderabad,ultimas noticias corona virus hyderabad,100,ultimas noticias sobre coronavirus em hyderabad,100,ultimas noticias sobre coronavirus hyderabad,100
covid-19 pode viver em superficies,o coronavirus pode viver em superficies cdc,100,quanto tempo pode o coronavirus viver em superficies,80,o coronavirus pode viver em superficies de papel,70
o coronavirus esta atingindo o pico,quando o covid-19 alcancara seu pico?,90,os casos de covid-19 atingiram o pico?,100,as mortes de covid-19 atingiram o pico?,60
o coronavirus causa tosse convulsa,o coronavirus causa tosse umida,0,o coronavirus sempre tem tosse,40,o que e uma tosse coronavirus,30
como impulsionar seu sistema imunologico apos a gripe,como construir o sistema imunologico apos a gripe,100,como estimular o sistema imunologico apos a gripe,100,como impulsionar seu sistema imunologico apos antibioticos,0
maneiras naturais de tornar seu sistema imunologico mais forte,maneiras naturais de manter seu sistema imunologico forte,100,maneiras de tornar meu sistema imunologico mais forte,50,maneiras naturais de melhorar seu sistema imunologico,100
coronavirus e a russia,e coronavirus na russia,90,qual e a situacao do coronavirus na russia,90,o coronavirus esta afetando a russia,90
teste de vacina contra coronavirus,resultados do teste de vacina contra coronavirus,100,voluntario para teste de vacina contra coronavirus,40,atualizacao de teste de vacina de coronavirus,100
o que e distanciamento social e por que e importante,por que o teste covid-19 e importante?,0,por que e importante ter um sistema imunologico saudavel,0,o que aconteceria se simplesmente deixassemos o covid-19 seguir seu curso e nao praticar o distanciamento social?,60
numero de mortes por coronavirus no estado de washington,coronavirus no estado de washington,60,numero de mortes por coronavirus no ira,0,e coronavirus no estado de washington,70
como o coronavirus afeta humanos,como o virus corona afeta os humanos,100,como covid-19 afeta o corpo?,100,como o coronavirus afeta o corpo,100
o coronavirus causa perda de peso,o coronavirus causa perda de cheiro,0,o coronavirus causa perda de apetite,0,o coronavirus causa perda auditiva,0
o covid-19 pode ser transmitido atraves da amamentacao,o coronavirus pode ser transmitido atraves da respiracao,0,o covid-19 pode ser transmitido atraves do sexo?,0,o coronavirus pode ser transmitido atraves dos mosquitos,0
e o virus corona nos eua,virus corona nos eua seattle,60,virus corona e eua,80,onde esta o virus corona nos eua,70
coronavirus voce ainda pode fazer sexo,coronavirus voce ainda pode fazer caminhadas,0,e seguro fazer sexo neste momento?,100,pode corona fazer voce vomitar,0
o que e coronavirus nz,coronavirus nz arauto,0,coronavirus nz auckland,0,noticias sobre coronavirus nz,0
atualizacao do coronavirus na florida,coronavirus na florida,80,quantos casos do coronavirus existem na florida,80,atualizacao do coronavirus na california,0
como covid-19 esta infectando worekrs medicos,como os medicos aumentam seu sistema imunologico,0,como os trabalhadores medicos estao sendo infectados?,100,existem vacinas ou outros produtos medicos para prevenir covid-19?,0
quanto tempo as pessoas com covid-19 devem ficar em casa e isoladas,quanto tempo devem ficar afastadas pessoas que tiveram contato com caso suspeito ou confirmado?,70,por que nao sao apenas as pessoas de risco que precisam ficar isoladas?,30,como as pessoas na mesma casa devem se preparar para covid-19?,50
coronavirus primeiro caso confirmado no municipio de santa clara,quando foi identificado o primeiro caso de covid-19,60,ph primeiro caso de coronavirus,0,eua primeiro caso de coronavirus,0
quais vitaminas fortalecem seu sistema imunologico,quais vitaminas fortalecem o sistema imunologico,100,quais suplementos fortalecem seu sistema imunologico,100,quais alimentos fortalecem seu sistema imunologico,0
como fortalecer o sistema imunologico para lutar contra o hpv,como aumentar o sistema imunologico para lutar contra o hpv,100,como construir o sistema imunologico para lutar contra o hpv,100,impulsionando o sistema imunologico para lutar contra o hpv,100
os humanos podem passar norovirus para caes,os caes podem transmitir norovirus aos humanos,0,voce pode passar norovirus para caes,100,os humanos podem pegar coronavirus de caes,0
se infectado com covid-19 voce pode sobreviver e se recuperar,voce pode pegar covid-19 se ja estiver com gripe?,0,coronavirus voce pode sobreviver,100,e possivel espalhar o covid-19 depois de se recuperar dele?,0
o coronavirus faz voce sentir nauseas,o coronavirus faz voce tossir muco,0,o coronavirus faz voce tossir sangue,0,o que o coronavirus faz com voce,40
sera que o covid-19 levara a demanda por democracia na china,por que a china nao se desculpa por causar covid-19?,40,sera que o covid-19 realmente nos colocara na lei marcial?,0,a internet sera encerrada durante covid-19?,0
como fazer um sistema imunologico enfraquecido,como melhorar um sistema imunologico enfraquecido,100,como construir um sistema imunologico enfraquecido,100,como tratar um sistema imunologico enfraquecido,100
quanti sono i casi di coronavirus em toscana,virus corona infectado na italia,80,onde esta o coronavirus na italia ,80,quantos casos de coronavirus existem na italia,80
como pode o efeito corona ser reduzido,como o coronavirus pode ser tratado,80,o coronavirus pode ser tratado,70,o virus corona pode ser curado,0
escola covid 19 ac,covid 19 ac costco,30,locais covid 19 ac,30,o que e covid 19 ac,30
noticias sobre coronavirus florida,coronavirus na florida ultimas noticias,100,noticias sobre virus corona noticias sobre a china,0,noticias sobre coronavirus havai,0
como posso saber se tenho um sistema imunologico forte,como posso saber se tenho um sistema imunologico enfraquecido,0,como posso saber se tenho um sistema imunologico fraco,0,como saber se tenho forte sistema imunologico,100
noticias sobre coronavirus bloqueio dos eua,noticias sobre coronavirus bloqueio em londres,0,noticias sobre coronavirus eua,30,noticias sobre coronavirus bloqueio do estado de washington,10
alfandega de coronavirus,primeiro diagnostico de coronavirus na alfandega do leste de londres,10,coronavirus primeiro diagnostico de coronavirus encontrado na alfandega leste de londres,10,primeiro diagnostico de coronavirus encontrado na alfandega do leste de londres,10
pode corona acabar com o mundo,poderia o coronavirus acabar com o mundo,100,o coronavirus vai acabar com o mundo,100,o mundo vai acabar por causa do covid-19?,100
atualizacao em coronavirus no reino unido,atualizacao do coronavirus no reino unido,100,coronavirus no reino unido atualizacao hoje,100,ultima atualizacao do coronavirus no reino unido,100
voce pode construir um sistema imunologico mais forte,como construir um sistema imunologico mais forte naturalmente,80,como voce pode construir um sistema imunologico,70,como voce constroi um sistema imunologico mais forte,90
o coronavirus esta diminuindo as declaracoes de impostos,o coronavirus esta afetando as declaracoes fiscais,100,o coronavirus esta diminuindo,0,o coronavirus afetara as restituicoes de impostos,100
como ajudar o sistema imunologico fraco,como ajudar o sistema imunologico enfraquecido,100,como detectar sistema imunologico fraco,30,como diagnosticar sistema imunologico fraco,30
coronavirus em singapura hoje,e coronavirus em singapura,80,coronavirus em propriedade de singapura,70,morte por coronavirus em singapura,30
atualizacao de noticias do virus corona na china,noticias de atualizacao do corona virus china,100,noticias de atualizacao de virus corona na china,100,atualizacao de noticias de virus corona na china,100
por que donald trump esta acusando a china pela disseminacao do covid-19,o que a china esta fazendo para impedir a disseminacao do covid-19?,10,por que as pessoas culpam donald trump pelo surto de covid-19?,0,por que trump ainda esta politizando covid-19?,60
um bebe infectado com coronavirus em wuhan china,um bebe infectado pelo virus corona,40,wuhan china coronavirus em espa ol,0,coronavirus china wuhan cdc,0
onde esta o coronavirus nos eua,onde esta o coronavirus encontrado nos eua,80,onde esta o coronavirus nos eua agora,80,onde esta o coronavirus localizado nos eua,80
noticias sobre coronavirus espanha,coronavirus na espanha ultimas noticias,90,ultimas noticias corona virus espanha,80,noticias sobre virus corona noticias sobre a china,90
como construir um sistema imunologico para lutar contra o hpv,como construir seu sistema imunologico para lutar contra o hpv,100,como construir um sistema imunologico contra o hpv,100,como fortalecer o sistema imunologico para lutar contra o hpv,100
casos confirmados de coronavirus australia,casos de coronavirus na australia,90,quantos casos de coronavirus na australia,90,quantos casos de coronavirus a australia tem,70
como e o virus coronavirus,como o virus corona e detectado,20,como o virus corona e feito,60,como o virus corona e gerado,70
o ibuprofeno tera efeitos adversos em pacientes com covid-19,e seguro para pacientes com covid-19 tomar ibuprofeno?,100,os pacientes com covid-19 devem evitar o uso de ibuprofeno?,80,os pacientes de covid-19 devem tomar ibuprofeno?,90
e uma boa ideia comprar bitcoin durante a pandemia covid-19,covid-19 e uma pandemia?,0,e seguro fazer compras durante a pandemia covid-19?,65,covid-19 e uma pandemia economica?,60
e o virus corona rna ou dna,e o virus corona rna ou virus dna,100,e o virus corona um virus rna ou dna,100,o virus corona e um virus rna ou dna,100
como fumar diminui seu sistema imunologico,corro o risco de complicacoes graves devido a covid-19 se eu fumar cigarros,80,se eu fumar tabaco ou nicotina corro o risco de complicacoes por covid-19,80,o covid-19 e mais serio se voce fuma e as pessoas que fumam enfrentam os mesmos riscos ou menos,70
quantos casos de coronavirus no condado de franklin ohio,quantos casos de coronavirus em ohio por condado,70,quantos casos de coronavirus no condado,70,quantos casos de coronavirus no condado holandes,0
por que algumas pessoas sao assintomaticas enquanto outras podem ser altamente sintomaticas com o covid-19,por que tantas pessoas que contraem o covid-19 sao assintomaticas?,70,por que algumas pessoas ainda ignoram que podem pegar o virus covid-19?,0,por que algumas pessoas acreditam que covid-19 e uma arma biologica?,0
como nos coronavirus diagnosticados,como coronavirus nos eua,0,como nos o coronavirus testamos,80,como e o coronavirus nos eua,0
e coronavirus em atlanta,casos de coronavirus no mapa dos eua,80,casos de coronavirus eua por mapa estadual,90,onde esta o coronavirus no mapa dos eua,80
como melhorar seu sistema imunologico em hindi,como melhorar o sistema imunologico em hindi,100,como melhorar o sistema imunologico em casa em hindi,80,como melhorar o sistema imunologico ayurveda em hindi,65
que conselho devemos seguir contra covid-19,conselho de coronavirus nhs,35,conselho governamental de coronavirus hk,50,onde devemos investir apos o fim do covid-19?,0
como voce pode tornar seu sistema imunologico forte,como tornar seu sistema imunologico forte,100,o que voce pode comer para tornar seu sistema imunologico forte,100,o que voce pode fazer para tornar seu sistema imunologico forte,100
casos de coronavirus em massachusetts,quantos casos de coronavirus em massachusetts,100,mapa de casos de coronavirus em massachusetts,100,casos de coronavirus em massachusetts por condado,100
onde esta o coronavirus nos eua agora,onde esta o coronavirus agora,35,onde esta o coronavirus nos eua,80,coronavirus nos eua agora,90
como faco para aumentar o sistema imunologico do meu filho,como faco para melhorar o sistema imunologico do meu filho,100,como aumentar o sistema imunologico do meu filho,100,como faco para aumentar meu sistema imunologico nhs,0
o coronavirus pode viver no casaco de caes,quanto tempo o coronavirus permanece em superficies diferentes,80,por quanto tempo os germes do coronavirus podem viver nas superficies,80,quanto tempo covid-19 vive em superficies,80
sinais de que voce tem sistema imunologico baixo,sinais de que voce tem sistema imunologico fraco,100,sinais de que voce tem um forte sistema imunologico,65,sinais de que voce tem um sistema imunologico saudavel,65
como e chamado o coronavirus,por que o coronavirus e chamado assim,35,por que e chamado de covid-19?,35,como e chamado quando seu sistema imunologico esta fraco,0
o profissional de enfermagem com sintomas que cumpriu o isolamento domiciliar apos 14 dias pode retornar ao trabalho,fui confirmado com a covid-19: apos os 14 dias de isolamento posso ter contato com idosos?,100,o que significa isolamento domiciliar?,0,o que e isolamento domiciliar?,0
como o coronavirus se formou,como o coronavirus se espalhou,0,como o coronavirus se sente,0,como o coronavirus se origina,100
o coronavirus afeta a visao,como covid-19 afeta o corpo,80,coronavirus afeta quais rgos,80,o coronavirus afeta a comida chinesa,0
ha um procedimento a seguir se covid-19 matar um membro da minha familia no exterior,se um membro da familia adoece desde covid-19 o que eu faco?,70,ha algo que eu possa fazer para ajudar minha familia a se preparar para covid-19?,0,devo cancelar a minha viagem para o exterior?,0
o covid-19 pode se espalhar pelos alimentos,o coronavirus pode se espalhar pelos olhos,0,o coronavirus pode se espalhar pelos ouvidos,0,o coronavirus pode se espalhar pelos ovos,65
coronavirus china chicago,casos de coronavirus em chicago,90,coronavirus em chicago,80,coronavirus novo chicago,80
o que as pessoas com alto risco de doencas graves com covid-19 devem fazer,o que as pessoas que pertencem ao grupo de risco devem fazer?,100,as pessoas com deficiencia correm maior risco?,30,quem corre o risco de desenvolver doencas graves?,0
contagem de coronavirus no paquistao,casos de coronavirus no paquistao,90,pacientes coronavirus no paquistao,80,e coronavirus no paquistao,70
o que esta acontecendo na china coronavirus,o coronavirus esta diminuindo na china,45,o coronavirus esta melhorando na china,45,o coronavirus esta desacelerando na china,45
como estimular seu sistema imunologico ao tomar antibioticos,como estimular seu sistema imunologico apos tomar antibioticos,90,como estimular o sistema imunologico apos tomar antibioticos,90,como estimular o sistema imunologico ao tomar metotrexato,0
o que e novo coronavirus 2019-ncov,o que e novo coronavirus,0,coronavirus 2019-ncov ncbi,70,coronavirus 2019-ncov hopkins,70
o coronavirus chegou a vancouver,como o coronavirus chegou a china,0,como o coronavirus chegou a italia,0,coronavirus news vancouver,70
por que tantas pessoas acreditam que ha uma conexao entre a tecnologia covid-19 e 5g,essa pandemia tem algo a ver com a rede 5g,80,e verdade que 5g espalha o covid-19,80,por que tantas pessoas morreram de covid-19 nos eua?,0
plano do governo do reino unido coronavirus,conselho do governo do reino unido coronavirus,90,anuncio do governo do reino unido coronavirus,45,coronavirus financiamento do governo do reino unido,80
areas afetadas pelo virus corona na italia,areas afetadas por coronavirus na italia,100,areas afetadas por coronavirus na china,0,areas afetadas por coronavirus na india,0
animais domesticos podem ser infectados com covid-19 e entao transmiti-lo a outros animais de estimacao e seres humanos,animais de estimacao podem pegar coronavirus,60,devo evitar o contato com animais de estimacao ou outros animais se estiver doente com covid-19?,0,animais de estimacao podem pegar ou transmitir a covid-19?,90
quais alimentos estimulam o sistema imunologico de uma crianca,quais alimentos estimulam seu sistema imunologico,70,quais alimentos estimulam o sistema imunologico de um cao,0,quais alimentos estimulam o sistema imunologico para combater infeccoes,0
o coronavirus se espalha pelo frango,o virus corona se espalha pelo frango na india,70,o coronavirus pode se espalhar pelo frango,90,o coronavirus se espalha pelo ovo,30
existe um jeito certo de lavar as maos,"provavelmente pegarei o virus covid-19 na america, independentemente de lavar as maos?",0,existe uma maneira de matar covid-19 sem desinfetante para as maos?,0,"por que? lavar as maos com agua e sabao ou usar alcool nas maos elimina o virus, se este estiver nas maos.",20
como o corpo humano mata os virus,como o corpo humano luta contra os virus,100,como o corpo mata os virus do resfriado,60,como seu corpo mata virus,100
e coronavirus bacteriano,o que e coronavirus e e contagioso,0,e o coronavirus e las vegas,0,qual e o coronavirus e sintomas,30
comida para impulsionar o sistema imunologico em criancas,vitaminas para impulsionar o sistema imunologico em criancas,35,comida para impulsionar o sistema imunologico nhs,60,comida para impulsionar o sistema imunologico rapido,65
coronavirus nos eua nyc,onde estao os casos de coronavirus nos eua,90,"coronavirus nos eua, onde",80,mapa de casos confirmados de coronavirus nos eua,90
por que se preocupar com covid-19 quando a gripe mata tantas pessoas,por que tantas pessoas morreram de covid-19 nos eua?,0,por que tantas pessoas que contraem o covid-19 sao assintomaticas?,0,devo me preocupar com a covid-19?,70
as mortes de covid-19 devem ser cremadas,as mortes de covid-19 sao precisas?,0,as mortes de covid-19 atingiram o pico?,0,as gestantes e lactante devem ser afastadas da assistencia?,0
como fazer quando os clientes devido ao teor do servico prestado nao podem usar mascara por exemplo tratamentos de rosto cortar a barba comer etc,por que os animais estao sendo testados quando muitas pessoas nao podem fazer o teste?,0,como usar uma mascara?,0,devo usar mascara de protecao ao deixar o brasil?,0
como impulsionar o sistema imunologico nhs,como impulsionar o sistema imunologico naturalmente nhs,70,como posso impulsionar meu sistema imunologico nhs,90,como voce pode impulsionar seu sistema imunologico nhs,90
como fortalecer o sistema imunologico durante a viagem,voce pode melhorar o sistema imunologico,60,ajudar seu sistema imunologico a ficar mais forte,80,como aumentar seu sistema imunologico,80
como se manter saudavel com um sistema imunologico comprometido,como se manter saudavel com um sistema imunologico fraco,100,como manter um sistema imunologico saudavel,40,como posso manter um sistema imunologico saudavel,40
deve covid-19 ser capitalizado,qual modelo covid-19 deve ser usado?,0,a morte de covid-19 deve ser cremada?,0,covid-19 deve ser relatado na certidao de obito?,0
seu sistema imunologico esta mais fraco durante a gravidez,seu sistema imunologico esta mais fraco durante o inicio da gravidez,100,seu sistema imunologico e mais forte ou mais fraco durante a gravidez,80,e o sistema imunologico mais fraco durante a gravidez,90
coronavirus philippines pasay city,casos de virus corona nas filipinas,90,ultimas noticias do virus corona nas filipinas,80,ultimas noticias sobre o virus corona nas filipinas,90
tomar vitamina c e propolis ajuda a prevenir contra o virus,pode tomar vitamina c aumentar a resistencia de seu corpo ao covid-19?,80,que vitamina ajuda a construir seu sistema imunologico,60,que vitamina ajuda a impulsionar seu sistema imunologico,60
coronavirus podem os humanos obter,os humanos podem pegar coronavirus,100,os humanos podem obter o novo coronavirus de caes e gatos,65,os humanos podem usar pomada corona,0
o virus corona morrera a que temperatura,o virus corona morrera em que temperatura,100,o coronavirus morrera em temperatura alta,100,a que temperatura o virus corona nao sobrevive,100
como evitar que o norovirus se espalhe,como o norovirus se espalha,35,e possivel que sangue doado espalhe covid-19?,0,como um norovirus se espalha,90
coronavirus pelo ar,e coronavirus transportado pelo ar,90,norovirus se espalhou pelo ar,0,o coronavirus pode viajar pelo ar,80
por quanto tempo voce pode ter norovirus antes dos sintomas,por quanto tempo voce pode ter norovirus por,80,voce pode espalhar norovirus antes dos sintomas,0,quanto tempo voce pode ter norovirus,70
covid-19 veio de um laboratorio,covid-19 veio de um morcego?,0,covid-19 comecou em um laboratorio?,100,covid-19 escapou de um laboratorio de pesquisa?,100
areas afetadas por coronavirus na china,areas afetadas por coronavirus na italia,0,areas afetadas por coronavirus na india,0,areas afetadas pelo virus corona na china,100
voce pode espalhar o norovirus antes que os sintomas comecem,voce pode espalhar norovirus antes dos sintomas,100,voce pode espalhar norovirus sem sintomas,100,como voce pode espalhar norovirus,80
onde esta o coronavirus agora no reino unido,"coronavirus no reino unido, onde",100,onde esta o coronavirus reino unido,100,onde esta o coronavirus agora,100
voce pode espalhar norovirus sem sintomas,voce pode transmitir o norovirus sem sintomas,100,voce pode espalhar norovirus antes dos sintomas,100,o coronavirus pode se espalhar sem sintomas,0
ajudar seu sistema imunologico a ficar mais forte,o que ajuda seu sistema imunologico a ficar mais forte,100,alimentos que ajudam seu sistema imunologico a ficar mais forte,70,seu sistema imunologico fica mais forte depois de ficar doente,0
como faco para saber se meu sistema imunologico esta saudavel,como faco para saber se meu sistema imunologico esta fraco,65,como faco para saber se meu sistema imunologico esta comprometido,65,como faco para saber se meu sistema imunologico esta suprimido,65
atualizacao sobre coronavirus em nz,atualizacao do coronavirus nz,90,noticias sobre coronavirus nz,90,casos de atualizacao de coronavirus nz,90
vacina de coronavirus canino de vanguarda,vacina de parvovirus canino,0,vacina de coronavirus canino zoetis,0,tipo de vacina de parvovirus canino,50
como o coronavirus e curado,o coronavirus esta curado,80,coronavirus curado australia,65,o coronavirus pode ser curado,70
o coronavirus tem febre,o coronavirus tem febre alta,70,o coronavirus causa febre,80,o covid-19 provoca febre?,90
o tratamento da tuberculose e diferente em pessoas com tb e covid-19,qual o tratamento indicado para uma pessoa com covid-19,70,o covid-19 e a tuberculose se propagam da mesma forma?,0,"e provavel que as pessoas com tuberculose tenham maior risco de infeccao, doenca e morte por covid-19?",0
e coronavirus no texas,e coronavirus no sul do texas,50,coronavirus no texas confirmado,70,coronavirus no texas 2020,70
coronavirus na coreia,coronavirus na coreia 2020,80,atualizacao de coronavirus na coreia,80,coronavirus na coreia ultimas noticias,80
quantas mortes de covid-19 na ultima semana,quantas mortes por coronavirus na ultima semana,100,qual e o numero atual de mortes devido a covid-19,80,qual e o numero previsto de mortes devido a covid-19,80
coronavirus delhi ndtv,coronavirus em delhi,0,coronavirus e delhi,70,coronavirus em delhi noida,0
coronavirus singapura dfat,peticao coronavirus singapura,0,coronavirus em singapura hoje,70,e coronavirus em singapura,70
pode baixo sistema imunologico causar infeccao por fungos,como o corpo luta contra virus bacterias fungos,50,pode baixo sistema imunologico causar infertilidade,0,pode baixo sistema imunologico causar aborto,0
o desinfetante para as maos e util,pode o desinfetante caseiro substituir desinfetante para as maos de verdade?,80,posso matar covid-19 sem desinfetante para as maos?,80,posso usar vodka como desinfetante para as maos?,0
como voce estimula um sistema imunologico fraco,como voce estimula o sistema imunologico de um cao,0,como voce fortalece um sistema imunologico fraco,100,como voce tem um sistema imunologico fraco,0
o que posso fazer para impulsionar meu sistema imunologico rapido,o que posso fazer para impulsionar meu sistema imunologico naturalmente,65,o que posso fazer para impulsionar o sistema imunologico do meu filho,70,o que posso fazer para manter meu sistema imunologico forte,70
como desenvolver o sistema imunologico em adultos,como desenvolver o sistema imunologico em bebes,0,como aumentar o sistema imunologico em adultos,100,como fortalecer o sistema imunologico em adultos,100
